ai_remembers,reviewed_memories,n,pct
I'm not sure,I didn't know I could,8,3.8834951456310676
I'm not sure,No,26,12.62135922330097
I'm not sure,Yes,3,1.4563106796116505
No,I didn't know I could,6,2.912621359223301
No,No,10,4.854368932038835
No,Yes,9,4.368932038834951
Yes,I didn't know I could,16,7.766990291262135
Yes,No,67,32.5242718446602
Yes,Yes,61,29.61165048543689
